Chart,1
Chart,10
Chart,11
Chart,12
Chart,13
Chart,16
Chart,17
Chart,20
Chart,24
Chart,6
Chart,7
Chart,8
Chart,9
Closure,10
Closure,104
Closure,105
Closure,109
Closure,11
Closure,111
Closure,113
Closure,114
Closure,115
Closure,122
Closure,123
Closure,125
Closure,126
Closure,130
Closure,132
Closure,14
Closure,18
Closure,20
Closure,22
Closure,31
Closure,34
Closure,35
Closure,38
Closure,39
Closure,40
Closure,48
Closure,51
Closure,52
Closure,55
Closure,57
Closure,59
Closure,62
Closure,63
Closure,65
Closure,67
Closure,70
Closure,71
Closure,73
Closure,78
Closure,82
Closure,83
Closure,86
Closure,92
Closure,93
Closure,97
Lang,15
Lang,16
Lang,20
Lang,21
Lang,24
Lang,26
Lang,33
Lang,34
Lang,35
Lang,40
Lang,42
Lang,57
Lang,58
Lang,59
Lang,6
Lang,60
Lang,61
Math,100
Math,101
Math,105
Math,11
Math,2
Math,20
Math,22
Math,24
Math,26
Math,27
Math,30
Math,31
Math,32
Math,33
Math,34
Math,35
Math,38
Math,40
Math,41
Math,43
Math,46
Math,49
Math,5
Math,50
Math,52
Math,56
Math,57
Math,58
Math,59
Math,60
Math,62
Math,63
Math,65
Math,67
Math,69
Math,70
Math,72
Math,75
Math,79
Math,80
Math,82
Math,83
Math,85
Math,9
Math,91
Math,94
Math,96
Math,98
Mockito,1
Mockito,22
Mockito,24
Mockito,26
Mockito,27
Mockito,29
Mockito,34
Mockito,35
Mockito,38
Mockito,5
Mockito,6
Time,11
Time,16
Time,19
Time,26
Time,4
Time,5
